step,cost,cost_reduction,percent_reduction
0,308.084,0.0,0.0
1,308.084,0.0,0.0
2,308.084,0.0,0.0
3,308.084,0.0,0.0
4,287.08,21.00400000000002,6.8176211682528205
5,287.08,21.00400000000002,6.8176211682528205
6,287.08,21.00400000000002,6.8176211682528205
7,287.08,21.00400000000002,6.8176211682528205
8,287.08,21.00400000000002,6.8176211682528205
9,287.08,21.00400000000002,6.8176211682528205
10,287.08,21.00400000000002,6.8176211682528205
