episode,step,action,action_name,reward,cost,cost_reduction_from_initial,percent_reduction
1,1,5,all-gather-combiner,0.0,308.084,0.0,0.0
1,2,32,convolution_4d_expander,0.0,308.084,0.0,0.0
1,3,18,collective-quantizer,0.0,308.084,0.0,0.0
1,4,64,qr_expander,0.0,308.084,0.0,0.0
1,5,22,computation-deduplicator,0.0,308.084,0.0,0.0
1,6,39,dot_dimension_merger,0.0,308.084,0.0,0.0
1,7,40,dynamic-dimension-simplifier,0.0,308.084,0.0,0.0
1,8,13,bf16-mixed-precision-removal,0.0,308.084,0.0,0.0
1,9,32,convolution_4d_expander,0.0,308.084,0.0,0.0
1,10,26,convert-async-collectives-to-sync,0.0,308.084,0.0,0.0
1,11,76,simplify-fp-conversions,0.0,308.084,0.0,0.0
1,12,5,all-gather-combiner,0.0,308.084,0.0,0.0
1,13,66,reduce-decomposer,0.0,308.084,0.0,0.0
1,14,60,logistic-expander,0.0,308.084,0.0,0.0
1,15,76,simplify-fp-conversions,0.0,308.084,0.0,0.0
1,16,67,reduce-window-rewriter,0.0,308.084,0.0,0.0
1,17,62,operand_upcaster,0.0,308.084,0.0,0.0
1,18,33,cse_barrier_expander,0.0,308.084,0.0,0.0
1,19,3,algsimp,0.0,308.084,0.0,0.0
1,20,80,stochastic_convert_decomposer,0.0,308.084,0.0,0.0
1,21,15,bfloat16-propagation,21.00400000000002,287.08,21.00400000000002,6.8176211682528205
1,22,21,comparison-expander,0.0,287.08,21.00400000000002,6.8176211682528205
1,23,51,hlo-trivial-scheduler,0.0,287.08,21.00400000000002,6.8176211682528205
1,24,49,hlo-descheduler,0.0,287.08,21.00400000000002,6.8176211682528205
1,25,35,defuser,0.0,287.08,21.00400000000002,6.8176211682528205
1,26,10,ar-crs-combiner,0.0,287.08,21.00400000000002,6.8176211682528205
1,27,12,batch-dot-simplification,0.0,287.08,21.00400000000002,6.8176211682528205
1,28,51,hlo-trivial-scheduler,0.0,287.08,21.00400000000002,6.8176211682528205
1,29,35,defuser,0.0,287.08,21.00400000000002,6.8176211682528205
1,30,11,async-collective-creator,0.0,287.08,21.00400000000002,6.8176211682528205
