step,cost,cost_reduction,percent_reduction
0,5450.6720000000005,0.0,0.0
1,5450.6720000000005,0.0,0.0
2,5450.6720000000005,0.0,0.0
3,5450.6720000000005,0.0,0.0
